title,reference,term_id,date,id,created_at,updated_at
Control of the acquisition and possession of weapons (codification) ***I,A9-0010/2021,1,2021-02-08,23,2021-08-07 08:41:39,2021-08-07 08:41:39
Establishing the Recovery and Resilience Facility ***I,A9-0214/2020,1,2021-02-08,24,2021-08-07 08:41:39,2021-08-07 08:41:39
European Central Bank – annual report 2020,A9-0002/2021,1,2021-02-08,25,2021-08-07 08:41:39,2021-08-07 08:41:39
New Circular Economy Action Plan,A9-0008/2021,1,2021-02-08,26,2021-08-07 08:41:40,2021-08-07 08:41:40
Implementation of the Anti-Trafficking Directive,A9-0011/2021,1,2021-02-08,27,2021-08-07 08:41:40,2021-08-07 08:41:40
Implementation of Article 43 of the Asylum Procedures Directive,A9-0005/2021,1,2021-02-08,28,2021-08-07 08:41:40,2021-08-07 08:41:40
Public access to documents for the years 2016-2018,A9-0004/2021,1,2021-02-08,29,2021-08-07 08:41:40,2021-08-07 08:41:40
Reducing inequalities with a special focus on in-work poverty,A9-0006/2021,1,2021-02-08,30,2021-08-07 08:41:40,2021-08-07 08:41:40
The impact of Covid-19 on youth and on sport,B9-0115/2021,1,2021-02-08,31,2021-08-07 08:41:41,2021-08-07 08:41:41
Markets in financial instruments ***I,A9-0208/2020,1,2021-02-08,32,2021-08-07 08:41:41,2021-08-07 08:41:41
EU Recovery prospectus and targeted adjustments for financial intermediaries to help the recovery from the COVID-19 pandemic ***I,A9-0228/2020,1,2021-02-08,33,2021-08-07 08:41:41,2021-08-07 08:41:41
Slot utilisation rules at Union airports: temporary relief ***I,C9-0420/2020,1,2021-02-08,34,2021-08-07 08:41:41,2021-08-07 08:41:41
Temporary measures concerning the validity of certificates and licences (Omnibus II) ***I,C9-0004/2021,1,2021-02-08,35,2021-08-07 08:41:41,2021-08-07 08:41:41
EU Association Agreement with Ukraine,A9-0219/2020,1,2021-02-08,36,2021-08-07 08:41:41,2021-08-07 08:41:41
"European Skills Agenda for sustainable competitiveness, social fairness and resilience",B9-0108/2021,1,2021-02-08,37,2021-08-07 08:41:41,2021-08-07 08:41:41
Safety of the nuclear power plant in Ostrovets (Belarus),B9-0109/2021,1,2021-02-08,38,2021-08-07 08:41:41,2021-08-07 08:41:41
Humanitarian and political situation in Yemen,B9-0118/2021,1,2021-02-08,39,2021-08-07 08:41:41,2021-08-07 08:41:41
The situation in Myanmar,B9-0116/2021,1,2021-02-08,40,2021-08-07 08:41:42,2021-08-07 08:41:42
"Rwanda, the case of Paul Rusesabagina",B9-0130/2021,1,2021-02-08,41,2021-08-07 08:41:42,2021-08-07 08:41:42
Human rights situation in Kazakhstan,B9-0143/2021,1,2021-02-08,42,2021-08-07 08:41:42,2021-08-07 08:41:42
Political situation in Uganda,B9-0136/2021,1,2021-02-08,43,2021-08-07 08:41:42,2021-08-07 08:41:42
Challenges ahead for women’s rights: more than 25 years after the Beijing Declaration and Platform for Action,B9-0113/2021,1,2021-02-08,44,2021-08-07 08:41:42,2021-08-07 08:41:42
System of own resources of the European Union ***,A9-0047/2021,1,2021-03-24,89,2021-08-13 09:50:45,2021-08-13 09:50:45
EU/Norway Agreement: modification of concessions on all the tariff-rate quotas included in the EU Schedule CLXXV as a consequence of the United Kingdom’s withdrawal from the European Union ***,A9-0035/2021,1,2021-04-26,90,2021-08-13 09:50:46,2021-08-13 09:50:46
Shaping digital education policy,A9-0042/2021,1,2021-03-24,91,2021-08-13 09:50:47,2021-08-13 09:50:47
EU/Honduras Voluntary Partnership Agreement ***,A9-0053/2021,1,2021-04-26,92,2021-08-13 09:50:47,2021-08-13 09:50:47
Impact on fisheries of marine litter,A9-0030/2021,1,2021-03-24,93,2021-08-13 09:50:48,2021-08-13 09:50:48
Implementation report on the road safety aspects of the Roadworthiness Package,A9-0028/2021,1,2021-04-26,94,2021-08-13 09:50:49,2021-08-13 09:50:49
Cohesion policy and regional environment strategies in the fight against climate change,A9-0034/2021,1,2021-03-24,95,2021-08-13 09:50:49,2021-08-13 09:50:49
Chemical residues in the Baltic Sea based on petitions 1328/2019 and 0406/2020 under Rule 227(2),B9-0224/2021,1,2021-04-26,96,2021-08-13 09:50:50,2021-08-13 09:50:50
A European strategy for data,A9-0027/2021,1,2021-03-24,97,2021-08-13 09:50:50,2021-08-13 09:50:50
Establishing Horizon Europe – laying down its rules for participation and dissemination ***II,A9-0122/2021,1,2021-04-26,98,2021-08-13 09:50:51,2021-08-13 09:50:51
"General framework for securitisation and specific framework for simple, transparent and standardised securitisation to help the recovery from the COVID-19 crisis ***I",A9-0215/2020,1,2021-03-24,99,2021-08-13 09:50:51,2021-08-13 09:50:51
Specific Programme implementing Horizon Europe – the Framework Programme for Research and Innovation *,A9-0118/2021,1,2021-04-26,100,2021-08-13 09:50:52,2021-08-13 09:50:52
Amending Regulation (EU) No 575/2013 as regards adjustments to the securitisation framework to support the economic recovery in response to the COVID-19 crisis ***I,A9-0213/2020,1,2021-03-24,101,2021-08-13 09:50:52,2021-08-13 09:50:52
"Control of exports, brokering, technical assistance, transit and transfer of dual-use ***I",A8-0390/2017,1,2021-03-24,102,2021-08-13 09:50:54,2021-08-13 09:50:54
European Institute of Innovation and Technology ***I,A9-0120/2020,1,2021-04-26,103,2021-08-13 09:50:54,2021-08-13 09:50:54
Procurement in the fields of defence and security and transfer of defence-related products: implementation of relevant directives,A9-0025/2021,1,2021-03-24,104,2021-08-13 09:50:54,2021-08-13 09:50:54
Strategic Innovation Agenda of the European Institute of Innovation and Technology ***I,A9-0121/2020,1,2021-04-26,105,2021-08-13 09:50:55,2021-08-13 09:50:55
"Application of Regulation (EU, Euratom) 2020/2092, the rule-of-law conditionality mechanism",B9-0206/2021,1,2021-03-24,106,2021-08-13 09:50:55,2021-08-13 09:50:55
Own resource based on non-recycled plastic packaging waste and certain aspects of the GNI-based own resource *,A9-0048/2021,1,2021-03-24,107,2021-08-13 09:50:56,2021-08-13 09:50:56
Union Civil Protection Mechanism ***I,A9-0148/2020,1,2021-04-26,108,2021-08-13 09:50:57,2021-08-13 09:50:57
Collection of own resources accruing from value added tax *,A9-0049/2021,1,2021-03-24,109,2021-08-13 09:50:57,2021-08-13 09:50:57
EU/Honduras Voluntary Partnership Agreement (resolution),A9-0054/2021,1,2021-04-26,110,2021-08-13 09:50:58,2021-08-13 09:50:58
Guidelines for the 2022 Budget – Section III,A9-0046/2021,1,2021-03-24,111,2021-08-13 09:50:58,2021-08-13 09:50:58
Interinstitutional agreement on mandatory transparency register,A9-0123/2021,1,2021-04-26,112,2021-08-13 09:50:59,2021-08-13 09:50:59
Implementation of the Ambient Air Quality Directives,A9-0037/2021,1,2021-03-24,113,2021-08-13 09:51:00,2021-08-13 09:51:00
More efficient and cleaner maritime transport,A9-0029/2021,1,2021-04-26,114,2021-08-13 09:51:00,2021-08-13 09:51:00
"Objection pursuant to Rule 112(2) and (3) and Rule 112(4)(c): Maximum residue levels for several substances, including lufenuron",B9-0223/2021,1,2021-04-26,115,2021-08-13 09:51:01,2021-08-13 09:51:01
New EU-Africa Strategy,A9-0017/2021,1,2021-03-24,116,2021-08-13 09:51:01,2021-08-13 09:51:01
"Objection pursuant to Rule 112(2) and (3) and Rule 112(4)(c): Maximum residue levels for several substances, including flonicamid",B9-0222/2021,1,2021-04-26,117,2021-08-13 09:51:02,2021-08-13 09:51:02
EU strategy for sustainable tourism,A9-0033/2021,1,2021-03-24,118,2021-08-13 09:51:02,2021-08-13 09:51:02
The EU-UK Trade and Cooperation Agreement ***,A9-0128/2021,1,2021-04-26,119,2021-08-13 09:51:03,2021-08-13 09:51:03
Strengthening the international role of the euro,A9-0043/2021,1,2021-03-24,120,2021-08-13 09:51:03,2021-08-13 09:51:03
The outcome of EU-UK negotiations,B9-0225/2021,1,2021-04-26,121,2021-08-13 09:51:04,2021-08-13 09:51:04
Commission evaluation report on the implementation of the General Data Protection Regulation two years after its application,B9-0211/2021,1,2021-03-24,122,2021-08-13 09:51:04,2021-08-13 09:51:04
Multiannual management plan for bluefin tuna in the eastern Atlantic and the Mediterranean ***I,A9-0149/2020,1,2021-04-26,123,2021-08-13 09:51:05,2021-08-13 09:51:05
2019-2020 Reports on Albania,A9-0041/2021,1,2021-03-24,124,2021-08-13 09:51:05,2021-08-13 09:51:05
Soil protection,B9-0221/2021,1,2021-04-26,125,2021-08-13 09:51:06,2021-08-13 09:51:06
2019-2020 Reports on Kosovo,A9-0031/2021,1,2021-03-24,126,2021-08-13 09:51:07,2021-08-13 09:51:07
Digital Green Certificate – Union citizens ***I,C9-0104/2021,1,2021-04-26,127,2021-08-13 09:51:07,2021-08-13 09:51:07
2019-2020 Reports on North Macedonia,A9-0040/2021,1,2021-03-24,128,2021-08-13 09:51:08,2021-08-13 09:51:08
Digital Green Certificate – third-country nationals ***I,C9-0100/2021,1,2021-04-26,129,2021-08-13 09:51:09,2021-08-13 09:51:09
2019-2020 Reports on Serbia,A9-0032/2021,1,2021-03-24,130,2021-08-13 09:51:09,2021-08-13 09:51:09
"Digital Taxation: OECD negotiations, tax residency of digital companies and a possible European Digital Tax",A9-0103/2021,1,2021-04-26,131,2021-08-13 09:51:10,2021-08-13 09:51:10
Assassination of Daphne Caruana Galizia and the rule of law in Malta,B9-0219/2021,1,2021-04-26,132,2021-08-13 09:51:11,2021-08-13 09:51:11
Rail passengers’ rights and obligations ***II,A9-0045/2021,1,2021-04-26,133,2021-08-13 09:51:12,2021-08-13 09:51:12
European Defence Fund ***II,A9-0120/2021,1,2021-04-26,134,2021-08-13 09:51:16,2021-08-13 09:51:16
Administrative cooperation in the field of excise duties: content of electronic registers *,A9-0121/2021,1,2021-04-26,135,2021-08-13 09:51:20,2021-08-13 09:51:20
COVID-19 pandemic in Latin America,B9-0238/2021,1,2021-04-26,136,2021-08-13 09:51:23,2021-08-13 09:51:23
Bolivia and the arrest of former President Jeanine Añez and other officials,B9-0244/2021,1,2021-04-26,137,2021-08-13 09:51:24,2021-08-13 09:51:24
"Blasphemy laws in Pakistan, in particular the case of Shagufta Kausar and Shafqat Emmanuel",B9-0253/2021,1,2021-04-26,138,2021-08-13 09:51:26,2021-08-13 09:51:26
Parliament’s estimates of revenue and expenditure for the financial year 2022,A9-0145/2021,1,2021-04-26,139,2021-08-13 09:51:27,2021-08-13 09:51:27
"Russia, the case of Alexei Navalny, military build-up on Ukraine’s border and Russian attack in the Czech Republic",B9-0235/2021,1,2021-04-26,140,2021-08-13 09:51:28,2021-08-13 09:51:28
Fifth anniversary of the Peace Agreement in Colombia,B9-0227/2021,1,2021-04-26,141,2021-08-13 09:51:29,2021-08-13 09:51:29
European Child Guarantee,B9-0220/2021,1,2021-04-26,142,2021-08-13 09:51:30,2021-08-13 09:51:30
The accessibility and affordability of COVID-testing,B9-0233/2021,1,2021-04-26,143,2021-08-13 09:51:31,2021-08-13 09:51:31
EU-India relations,A9-0124/2021,1,2021-04-26,144,2021-08-13 09:51:32,2021-08-13 09:51:32
2019 discharge: EU general budget – Commission and executive agencies,A9-0117/2021,1,2021-04-26,145,2021-08-13 09:51:33,2021-08-13 09:51:33
2019 discharge: EU general budget – European Parliament,A9-0044/2021,1,2021-04-26,146,2021-08-13 09:51:35,2021-08-13 09:51:35
2019 discharge: EU general budget – Council and European Council,A9-0056/2021,1,2021-04-26,147,2021-08-13 09:51:37,2021-08-13 09:51:37
2019 discharge: EU general budget – Court of Justice of the European Union,A9-0064/2021,1,2021-04-26,148,2021-08-13 09:51:37,2021-08-13 09:51:37
2019 discharge: EU general budget – Court of Auditors,A9-0059/2021,1,2021-04-26,149,2021-08-13 09:51:38,2021-08-13 09:51:38
2019 discharge: EU general budget – European Economic and Social Committee,A9-0057/2021,1,2021-04-26,150,2021-08-13 09:51:39,2021-08-13 09:51:39
2019 discharge: EU general budget – Committee of the Regions,A9-0055/2021,1,2021-04-26,151,2021-08-13 09:51:40,2021-08-13 09:51:40
2019 discharge: EU general budget – European Ombudsman,A9-0065/2021,1,2021-04-26,152,2021-08-13 09:51:41,2021-08-13 09:51:41
2019 discharge: EU general budget – European Data Protection Supervisor,A9-0067/2021,1,2021-04-26,153,2021-08-13 09:51:42,2021-08-13 09:51:42
2019 discharge: EU general budget – European External Action Service,A9-0063/2021,1,2021-04-26,154,2021-08-13 09:51:43,2021-08-13 09:51:43
2019 discharge: European Centre for the Development of Vocational Training,A9-0069/2021,1,2021-04-26,155,2021-08-13 09:51:44,2021-08-13 09:51:44
2019 discharge: European Foundation for the Improvement of Living and Working Conditions,A9-0094/2021,1,2021-04-26,156,2021-08-13 09:51:45,2021-08-13 09:51:45
2019 discharge: European Union Agency for Fundamental Rights,A9-0086/2021,1,2021-04-26,157,2021-08-13 09:51:46,2021-08-13 09:51:46
2019 discharge: European Monitoring Centre for Drugs and Drug Addiction,A9-0087/2021,1,2021-04-26,158,2021-08-13 09:51:47,2021-08-13 09:51:47
2019 discharge: European Environment Agency,A9-0080/2021,1,2021-04-26,159,2021-08-13 09:51:48,2021-08-13 09:51:48
2019 discharge: European Agency for Safety and Health at Work,A9-0090/2021,1,2021-04-26,160,2021-08-13 09:51:49,2021-08-13 09:51:49
2019 discharge: Translation Centre for the Bodies of the European Union,A9-0084/2021,1,2021-04-26,161,2021-08-13 09:51:50,2021-08-13 09:51:50
2019 discharge: European Medicines Agency,A9-0073/2021,1,2021-04-26,162,2021-08-13 09:51:51,2021-08-13 09:51:51
2019 discharge: European Union Agency for Criminal Justice Cooperation (Eurojust),A9-0101/2021,1,2021-04-26,163,2021-08-13 09:51:52,2021-08-13 09:51:52
2019 discharge: European Training Foundation,A9-0089/2021,1,2021-04-26,164,2021-08-13 09:51:53,2021-08-13 09:51:53
2019 discharge: European Maritime Safety Agency,A9-0099/2021,1,2021-04-26,165,2021-08-13 09:51:54,2021-08-13 09:51:54
2019 discharge: European Aviation Safety Agency,A9-0070/2021,1,2021-04-26,166,2021-08-13 09:51:55,2021-08-13 09:51:55
2019 discharge: European Food Safety Authority,A9-0097/2021,1,2021-04-26,167,2021-08-13 09:51:56,2021-08-13 09:51:56
2019 discharge: European Centre for Disease Prevention and Control,A9-0104/2021,1,2021-04-26,168,2021-08-13 09:51:57,2021-08-13 09:51:57
2019 discharge: European Union Agency for Cybersecurity (ENISA),A9-0085/2021,1,2021-04-26,169,2021-08-13 09:51:58,2021-08-13 09:51:58
2019 discharge: European Union Agency for Railways,A9-0077/2021,1,2021-04-26,170,2021-08-13 09:51:59,2021-08-13 09:51:59
2019 discharge: European Union Agency for Law Enforcement Training (CEPOL),A9-0071/2021,1,2021-04-26,171,2021-08-13 09:52:00,2021-08-13 09:52:00
2019 discharge: European Border and Coast Guard Agency,A9-0081/2021,1,2021-04-26,172,2021-08-13 09:52:02,2021-08-13 09:52:02
2019 discharge: European GNSS Agency,A9-0074/2021,1,2021-04-26,173,2021-08-13 09:52:02,2021-08-13 09:52:02
2019 discharge: European Fisheries Control Agency,A9-0092/2021,1,2021-04-26,174,2021-08-13 09:52:03,2021-08-13 09:52:03
2019 discharge: European Chemicals Agency,A9-0075/2021,1,2021-04-26,175,2021-08-13 09:52:04,2021-08-13 09:52:04
2019 discharge: Euratom Supply Agency,A9-0088/2021,1,2021-04-26,176,2021-08-13 09:52:05,2021-08-13 09:52:05
2019 discharge: European Union Agency for Law Enforcement Cooperation (Europol),A9-0096/2021,1,2021-04-26,177,2021-08-13 09:52:06,2021-08-13 09:52:06
2019 discharge: European Institute for Gender Equality,A9-0072/2021,1,2021-04-26,178,2021-08-13 09:52:07,2021-08-13 09:52:07
2019 discharge: European Banking Authority,A9-0091/2021,1,2021-04-26,179,2021-08-13 09:52:09,2021-08-13 09:52:09
2019 discharge: European Insurance and Occupational Pensions Authority,A9-0079/2021,1,2021-04-26,180,2021-08-13 09:52:10,2021-08-13 09:52:10
2019 discharge: European Securities and Markets Authority,A9-0093/2021,1,2021-04-26,181,2021-08-13 09:52:11,2021-08-13 09:52:11
2019 discharge: European Union Agency for the Cooperation of Energy Regulators,A9-0078/2021,1,2021-04-26,182,2021-08-13 09:52:12,2021-08-13 09:52:12
2019 discharge: Agency for Support for BEREC (BEREC Office),A9-0082/2021,1,2021-04-26,183,2021-08-13 09:52:13,2021-08-13 09:52:13
2019 discharge: European Institute of Innovation and Technology,A9-0076/2021,1,2021-04-26,184,2021-08-13 09:52:14,2021-08-13 09:52:14
2019 discharge: European Asylum Support Office,A9-0068/2021,1,2021-04-26,185,2021-08-13 09:52:15,2021-08-13 09:52:15
"2019 discharge: European Union Agency for the Operational Management of Large-Scale IT Systems in the Area of Freedom, Security and Justice (eu-LISA)",A9-0098/2021,1,2021-04-26,186,2021-08-13 09:52:15,2021-08-13 09:52:15
2019 discharge: European Joint Undertaking for ITER and the Development of Fusion Energy,A9-0110/2021,1,2021-04-26,187,2021-08-13 09:52:16,2021-08-13 09:52:16
2019 discharge: SESAR Joint Undertaking,A9-0106/2021,1,2021-04-26,188,2021-08-13 09:52:17,2021-08-13 09:52:17
2019 discharge: Clean Sky 2 Joint Undertaking,A9-0109/2021,1,2021-04-26,189,2021-08-13 09:52:18,2021-08-13 09:52:18
2019 discharge: Bio-Based Industries Joint Undertaking,A9-0105/2021,1,2021-04-26,190,2021-08-13 09:52:19,2021-08-13 09:52:19
2019 discharge: Innovative Medicines Initiative 2 Joint Undertaking,A9-0113/2021,1,2021-04-26,191,2021-08-13 09:52:20,2021-08-13 09:52:20
2019 discharge: Fuel Cells and Hydrogen 2 Joint Undertaking,A9-0107/2021,1,2021-04-26,192,2021-08-13 09:52:22,2021-08-13 09:52:22
2019 discharge: Shift2Rail Joint Undertaking,A9-0111/2021,1,2021-04-26,193,2021-08-13 09:52:23,2021-08-13 09:52:23
2019 discharge: ECSEL Joint Undertaking,A9-0108/2021,1,2021-04-26,194,2021-08-13 09:52:24,2021-08-13 09:52:24
"2019 discharge: EU general budget – 8th, 9th, 10th and 11th EDFs",A9-0095/2021,1,2021-04-26,195,2021-08-13 09:52:24,2021-08-13 09:52:24
"Report on discharge in respect of the implementation of the budget of the European Union agencies for the financial year 2019: performance, financial management and control",A9-0100/2021,1,2021-04-26,196,2021-08-13 09:52:25,2021-08-13 09:52:25
Just Transition Fund ***I,A9-0135/2020,1,2021-05-17,197,2021-08-13 15:32:48,2021-08-13 15:32:48
Review of the European Union Solidarity Fund,A9-0052/2021,1,2021-05-17,198,2021-08-13 15:32:49,2021-08-13 15:32:49
"Exchange, assistance and training programme for the protection of the euro against counterfeiting for the period 2021-2027 (Pericles IV programme) extension to the non-participating Member States ***",A9-0165/2021,1,2021-05-17,199,2021-08-13 15:32:51,2021-08-13 15:32:51
EU/Cuba Agreement: modification of concessions on all the tariff-rate quotas included in the EU Schedule CLXXV as a consequence of the United Kingdom’s withdrawal from the European Union ***,A9-0129/2021,1,2021-05-17,200,2021-08-13 15:32:52,2021-08-13 15:32:52
Protocol to the Euro-Mediterranean Association Agreement EU/Tunisia (accession of Croatia) ***,A9-0150/2021,1,2021-05-17,201,2021-08-13 15:32:53,2021-08-13 15:32:53
Protocol to the EU/Central America Association Agreement (accession of Croatia) ***,A9-0148/2021,1,2021-05-17,202,2021-08-13 15:32:54,2021-08-13 15:32:54
Agreement EU/USA/Iceland/Norway: Time Limitations on Arrangements for the Provision of Aircraft with Crew ***,A9-0125/2021,1,2021-05-17,203,2021-08-13 15:32:55,2021-08-13 15:32:55
Dock dues scheme in the French outermost regions *,A9-0138/2021,1,2021-05-17,204,2021-08-13 15:32:56,2021-08-13 15:32:56
Securing the objectives of the landing obligation under Article 15 of the Common Fisheries Policy,A9-0147/2021,1,2021-05-17,205,2021-08-13 15:32:57,2021-08-13 15:32:57
"Common system of value added tax: exemptions on importations and on certain supplies, in respect of Union measures in the public interest *",A9-0155/2021,1,2021-05-17,206,2021-08-13 15:32:58,2021-08-13 15:32:58
Mobilisation of the European Globalisation Adjustment Fund: application EGF/2020/002 EE/Tourism – Estonia,A9-0158/2021,1,2021-05-17,207,2021-08-13 15:32:59,2021-08-13 15:32:59
ETIAS consequential amendments: police and judicial cooperation ***I,A9-0254/2020,1,2021-06-07,208,2021-08-14 15:52:25,2021-08-14 15:52:25
ETIAS consequential amendments: borders and visa ***I,A9-0255/2020,1,2021-06-07,209,2021-08-14 15:52:27,2021-08-14 15:52:27
Mobilisation of the European Globalisation Adjustment Fund: application EGF/2020/003 DE/GMH Guss - Germany,A9-0189/2021,1,2021-06-07,210,2021-08-14 15:52:29,2021-08-14 15:52:29
Mobilisation of the European Globalisation Adjustment Fund: application EGF/2020/005 BE/Swissport – Belgium,A9-0188/2021,1,2021-06-07,211,2021-08-14 15:52:30,2021-08-14 15:52:30
Mobilisation of the European Globalisation Adjustment Fund: application EGF/2020/004 NL/KLM - Netherlands,A9-0187/2021,1,2021-06-07,212,2021-08-14 15:52:31,2021-08-14 15:52:31
Mobilisation of the European Globalisation Adjustment Fund: application EGF/2020/007 FI/Finnair - Finland,A9-0186/2021,1,2021-06-07,213,2021-08-14 15:52:33,2021-08-14 15:52:33
ETIAS consequential amendments: ECRIS-TCN ***I,A9-0083/2021,1,2021-06-07,214,2021-08-14 15:52:34,2021-08-14 15:52:34
EU Digital COVID Certificate – Union citizens ***I,C9-0104/2021,1,2021-06-07,215,2021-08-14 15:52:35,2021-08-14 15:52:35
EU Digital COVID Certificate – third-country nationals ***I,C9-0100/2021,1,2021-06-07,216,2021-08-14 15:52:35,2021-08-14 15:52:35
Competition policy – annual report 2020,A9-0168/2021,1,2021-06-07,217,2021-08-14 15:52:35,2021-08-14 15:52:35
The gender dimension in Cohesion Policy,A9-0154/2021,1,2021-06-07,218,2021-08-14 15:52:37,2021-08-14 15:52:37
EU Biodiversity Strategy for 2030: Bringing nature back into our lives,A9-0179/2021,1,2021-06-07,219,2021-08-14 15:52:38,2021-08-14 15:52:38
75th and the 76th sessions of the United Nations General Assembly,A9-0173/2021,1,2021-06-07,220,2021-08-14 15:52:40,2021-08-14 15:52:40
"Neighbourhood, Development and International Cooperation Instrument 2021-2027 – Global Europe ***II",A9-0198/2021,1,2021-06-07,221,2021-08-14 15:52:41,2021-08-14 15:52:41
Regulations and general conditions governing the performance of the Ombudsman’s duties,A9-0174/2021,1,2021-06-07,222,2021-08-14 15:52:43,2021-08-14 15:52:43
Transitional provisions in order to address the impact of COVID-19 crisis (amendment of Regulation (EU) 2016/1628) ***I,C9-0185/2021,1,2021-06-07,223,2021-08-14 15:52:44,2021-08-14 15:52:44
The conflict of interest of the Prime Minister of the Czech Republic,B9-0303/2021,1,2021-06-07,224,2021-08-14 15:52:45,2021-08-14 15:52:45
"Meeting the Global COVID-19 challenge: effects of the waiver of the WTO TRIPS Agreement on COVID-19 vaccines, treatment, equipment and increasing production and manufacturing capacity in developing countries",B9-0306/2021,1,2021-06-07,225,2021-08-14 15:52:47,2021-08-14 15:52:47
Objection pursuant to Rule 112(2) and (3): Maximum residue limit for imidacloprid,B9-0313/2021,1,2021-06-07,226,2021-08-14 15:52:48,2021-08-14 15:52:48
"Objection pursuant to Rule 112(2) and (3): Active substances, including flumioxazine",B9-0312/2021,1,2021-06-07,227,2021-08-14 15:52:49,2021-08-14 15:52:49
"The EU's Cybersecurity Strategy for the Digital Decade",B9-0305/2021,1,2021-06-07,228,2021-08-14 15:52:50,2021-08-14 15:52:50
Rule of Law situation in the European Union and the application of the conditionality regulation 2020/2092,B9-0317/2021,1,2021-06-07,229,2021-08-14 15:52:51,2021-08-14 15:52:51
European Parliament’s Scrutiny on the ongoing assessment by the Commission and the Council of the national recovery and resilience plans,B9-0331/2021,1,2021-06-07,230,2021-08-14 15:52:53,2021-08-14 15:52:53
Breach of the UN Convention of the Rights of the Child and the use of minors by the Moroccan authorities in the migratory crisis in Ceuta,B9-0323/2021,1,2021-06-07,231,2021-08-14 15:52:54,2021-08-14 15:52:54
"The situation in Sri Lanka, in particular the arrests under the Prevention of Terrorism Act",B9-0354/2021,1,2021-06-07,232,2021-08-14 15:52:55,2021-08-14 15:52:55
The listing of German NGOs as ‘undesirable organisations’ by Russia and the detention of Andrei Pivovarov,B9-0322/2021,1,2021-06-07,233,2021-08-14 15:52:57,2021-08-14 15:52:57
Human rights and political situation in Cuba,B9-0341/2021,1,2021-06-07,234,2021-08-14 15:52:58,2021-08-14 15:52:58
Systematic repression in Belarus and its consequences for European security following abductions from an EU civilian plane intercepted by Belarusian authorities,B9-0328/2021,1,2021-06-07,235,2021-08-14 15:52:59,2021-08-14 15:52:59
The situation in Afghanistan,B9-0321/2021,1,2021-06-07,236,2021-08-14 15:53:00,2021-08-14 15:53:00
"European Citizens' Initiative ‘End the cage age’",B9-0296/2021,1,2021-06-07,237,2021-08-14 15:53:02,2021-08-14 15:53:02
"Promoting gender equality in science, technology, engineering and mathematics (STEM) education and careers",A9-0163/2021,1,2021-06-07,238,2021-08-14 15:53:03,2021-08-14 15:53:03
Future EU financing of the radio network Euranet Plus,B9-0316/2021,1,2021-06-07,239,2021-08-14 15:53:04,2021-08-14 15:53:04
"Mobilisation of the European Union Solidarity Fund to provide assistance to Greece and France in relation to natural disasters and to Albania, Austria, Belgium, Croatia, Czechia, Estonia, France, Germany, Greece, Hungary, Ireland, Italy, Latvia, Lithuania, Luxembourg, Montenegro, Portugal, Romania, Serbia, Spain in relation to a public health emergency",A9-0157/2021,1,2021-05-17,240,2021-08-16 12:45:33,2021-08-16 12:45:33
Draft amending budget No 2/2021: financing the COVID-19 response and including refinements and updates related to the final adoption of the Multiannual Financial Framework,A9-0160/2021,1,2021-05-17,241,2021-08-16 12:45:33,2021-08-16 12:45:33
Challenges of sport events organisers in the digital environment,A9-0139/2021,1,2021-05-17,242,2021-08-16 12:45:34,2021-08-16 12:45:34
Research Fund for Coal and Steel *,A9-0102/2021,1,2021-05-17,243,2021-08-16 12:45:35,2021-08-16 12:45:35
The impacts of climate change on vulnerable populations in developing countries,A9-0115/2021,1,2021-05-17,244,2021-08-16 12:45:36,2021-08-16 12:45:36
"Artificial intelligence in education, culture and the audiovisual sector",A9-0127/2021,1,2021-05-17,245,2021-08-16 12:45:37,2021-08-16 12:45:37
Creative Europe Programme ***II,A9-0161/2021,1,2021-05-17,246,2021-08-16 12:45:38,2021-08-16 12:45:38
A European Strategy for Energy System Integration,A9-0062/2021,1,2021-05-17,247,2021-08-16 12:45:39,2021-08-16 12:45:39
A European Strategy for Hydrogen,A9-0116/2021,1,2021-05-17,248,2021-08-16 12:45:41,2021-08-16 12:45:41
Human rights protection and the EU external migration policy,A9-0060/2021,1,2021-05-17,249,2021-08-16 12:45:42,2021-08-16 12:45:42
2019-2020 Reports on Turkey,A9-0153/2021,1,2021-05-17,250,2021-08-16 12:45:43,2021-08-16 12:45:43
2019-2020 Reports on Montenegro,A9-0131/2021,1,2021-05-17,251,2021-08-16 12:45:44,2021-08-16 12:45:44
The effects of climate change on human rights and the role of environmental defenders on this matter,A9-0039/2021,1,2021-05-17,252,2021-08-16 12:45:45,2021-08-16 12:45:45
Reversing demographic trends in EU regions using cohesion policy instruments,A9-0061/2021,1,2021-05-17,253,2021-08-16 12:45:47,2021-08-16 12:45:47
Impacts of EU rules on the free movements of workers and services: intra-EU labour mobility as a tool to match labour market needs and skills,A9-0066/2021,1,2021-05-17,254,2021-08-16 12:45:48,2021-08-16 12:45:48
Accelerating progress and tackling inequalities towards ending AIDS as a public health threat by 2030,B9-0263/2021,1,2021-05-17,255,2021-08-16 12:45:49,2021-08-16 12:45:49
Prisoners of war in the aftermath of the most recent conflict between Armenia and Azerbaijan,B9-0277/2021,1,2021-05-17,256,2021-08-16 12:45:50,2021-08-16 12:45:50
The situation in Haiti,B9-0282/2021,1,2021-05-17,257,2021-08-16 12:45:51,2021-08-16 12:45:51
The situation in Chad,B9-0289/2021,1,2021-05-17,258,2021-08-16 12:45:52,2021-08-16 12:45:52
Environment: The Aarhus Regulation ***I,A9-0152/2021,1,2021-05-17,259,2021-08-16 12:45:53,2021-08-16 12:45:53
Chinese countersanctions on EU entities and MEPs and MPs,B9-0269/2021,1,2021-05-17,260,2021-08-16 12:45:54,2021-08-16 12:45:54
"Data Protection Commissioner v Facebook Ireland Limited, Maximillian Schrems (“Schrems II”) – Case C-311/18",B9-0267/2021,1,2021-05-17,261,2021-08-16 12:45:55,2021-08-16 12:45:55
The right of information of the Parliament regarding the ongoing assessment of the national recovery and resilience plans,B9-0276/2021,1,2021-05-17,262,2021-08-16 12:45:56,2021-08-16 12:45:56
European Union Agency for Fundamental Rights: interim report,A9-0058/2021,1,2021-05-17,263,2021-08-16 12:45:57,2021-08-16 12:45:57
Liability of companies for environmental damage,A9-0112/2021,1,2021-05-17,264,2021-08-16 12:45:58,2021-08-16 12:45:58
New Avenues for Legal Labour Migration,A9-0143/2021,1,2021-05-17,265,2021-08-16 12:45:59,2021-08-16 12:45:59
Digital future of Europe: digital single market and use of AI for European consumers,A9-0149/2021,1,2021-05-17,266,2021-08-16 12:46:00,2021-08-16 12:46:00
The adequate protection of personal data by the United Kingdom,B9-0268/2021,1,2021-05-17,267,2021-08-16 12:46:01,2021-08-16 12:46:01
Representative actions for the protection of the collective interests of consumers ***I,A8-0447/2018,2,2019-03-26,268,2021-08-19 12:50:54,2021-08-19 12:50:54
Protocol to the EU-Israel Euro-Mediterranean Agreement (accession of Croatia) ***,A8-0164/2019,2,2019-03-26,269,2021-08-19 15:09:53,2021-08-19 15:09:53
Discontinuing seasonal changes of time***I,A8-0169/2019,2,2019-03-26,270,2021-08-19 15:09:54,2021-08-19 15:09:54
Common rules for the internal market for electricity ***I,A8-0044/2018,2,2019-03-26,271,2021-08-19 15:09:55,2021-08-19 15:09:55
Internal market for electricity ***I,A8-0042/2018,2,2019-03-26,272,2021-08-19 15:09:56,2021-08-19 15:09:56
European Union Agency for the Cooperation of Energy Regulators ***I,A8-0040/2018,2,2019-03-26,273,2021-08-19 15:09:57,2021-08-19 15:09:57
Risk-preparedness in the electricity sector ***I,A8-0039/2018,2,2019-03-26,274,2021-08-19 15:09:58,2021-08-19 15:09:58
Labelling of tyres with respect to fuel efficiency and other essential parameters ***I,A8-0086/2019,2,2019-03-26,275,2021-08-19 15:09:59,2021-08-19 15:09:59
Copyright in the Digital Single Market ***I,A8-0245/2018,2,2019-03-26,276,2021-08-19 15:10:00,2021-08-19 15:10:00
Contracts for the supply of digital content and digital services ***I,A8-0375/2017,2,2019-03-26,277,2021-08-19 15:10:02,2021-08-19 15:10:02
Contracts for the sale of goods ***I,A8-0043/2018,2,2019-03-26,278,2021-08-19 15:10:15,2021-08-19 15:10:15
Fishing in the GFCM (General Fisheries Commission for the Mediterranean) Agreement area ***I,A8-0381/2018,2,2019-03-26,279,2021-08-19 15:10:28,2021-08-19 15:10:28
Alignment of reporting obligations in the field of environment policy ***I,A8-0324/2018,2,2019-03-26,280,2021-08-19 15:10:29,2021-08-19 15:10:29
Special rules regarding maximum length in case of cabs ***I,A8-0042/2019,2,2019-03-26,281,2021-08-19 15:10:30,2021-08-19 15:10:30
Low carbon benchmarks and positive carbon impact benchmarks ***I,A8-0483/2018,2,2019-03-26,282,2021-08-19 15:10:31,2021-08-19 15:10:31
Fundamental rights of people of African descent,B8-0212/2019,2,2019-03-26,283,2021-08-19 15:10:32,2021-08-19 15:10:32
"Report on financial crimes, tax evasion and tax avoidance",A8-0170/2019,2,2019-03-26,284,2021-08-19 15:10:32,2021-08-19 15:10:32
EU-Switzerland Institutional Framework Agreement,A8-0147/2019,2,2019-03-26,285,2021-08-19 15:10:33,2021-08-19 15:10:33
Discharge 2017: EU general budget - Commission and executive agencies,A8-0110/2019,2,2019-03-26,286,2021-08-19 15:10:34,2021-08-19 15:10:34
"Discharge 2017: Court of Auditors' special reports in the context of the 2017 Commission discharge",A8-0088/2019,2,2019-03-26,287,2021-08-19 15:10:35,2021-08-19 15:10:35
"Discharge 2017: EU general budget - 8th, 9th, 10th and 11th EDFs",A8-0107/2019,2,2019-03-26,288,2021-08-19 15:10:36,2021-08-19 15:10:36
Discharge 2017: EU general budget - European Parliament,A8-0108/2019,2,2019-03-26,289,2021-08-19 15:10:37,2021-08-19 15:10:37
Discharge 2017: EU general budget - European Council and Council,A8-0096/2019,2,2019-03-26,290,2021-08-19 15:10:38,2021-08-19 15:10:38
Discharge 2017: EU general budget - European Court of Justice,A8-0098/2019,2,2019-03-26,291,2021-08-19 15:10:38,2021-08-19 15:10:38
Discharge 2017: EU general budget - European Court of Auditors,A8-0097/2019,2,2019-03-26,292,2021-08-19 15:10:39,2021-08-19 15:10:39
Discharge 2017: EU general budget - European Economic and Social Committee,A8-0100/2019,2,2019-03-26,293,2021-08-19 15:10:39,2021-08-19 15:10:39
Discharge 2017: EU general budget - Committee of the Regions,A8-0101/2019,2,2019-03-26,294,2021-08-19 15:10:40,2021-08-19 15:10:40
Discharge 2017: EU general budget - European External Action Service,A8-0109/2019,2,2019-03-26,295,2021-08-19 15:10:41,2021-08-19 15:10:41
Discharge 2017: EU general budget - European Ombudsman,A8-0099/2019,2,2019-03-26,296,2021-08-19 15:10:42,2021-08-19 15:10:42
Discharge 2017: EU general budget - European Data Protection Supervisor,A8-0116/2019,2,2019-03-26,297,2021-08-19 15:10:43,2021-08-19 15:10:43
"Discharge 2017: Performance, financial management and control of EU agencies",A8-0140/2019,2,2019-03-26,298,2021-08-19 15:10:44,2021-08-19 15:10:44
Discharge 2017: Agency for Cooperation of Energy Regulators (ACER),A8-0113/2019,2,2019-03-26,299,2021-08-19 15:10:44,2021-08-19 15:10:44
Discharge 2017: Office of the Body of European Regulators for Electronic Communications (BEREC),A8-0114/2019,2,2019-03-26,300,2021-08-19 15:10:45,2021-08-19 15:10:45
Discharge 2017: Translation Centre for the Bodies of the European Union (CdT),A8-0122/2019,2,2019-03-26,301,2021-08-19 15:10:46,2021-08-19 15:10:46
Discharge 2017: European Centre for the Development of Vocational Training (Cedefop),A8-0119/2019,2,2019-03-26,302,2021-08-19 15:10:47,2021-08-19 15:10:47
Discharge 2017: European Union Agency for Law Enforcement Training (CEPOL),A8-0121/2019,2,2019-03-26,303,2021-08-19 15:10:47,2021-08-19 15:10:47
Discharge 2017: European Aviation Safety Agency (EASA),A8-0120/2019,2,2019-03-26,304,2021-08-19 15:10:48,2021-08-19 15:10:48
Discharge 2017: European Asylum Support Office (EASO),A8-0123/2019,2,2019-03-26,305,2021-08-19 15:10:49,2021-08-19 15:10:49
Discharge 2017: European Banking Authority (EBA),A8-0124/2019,2,2019-03-26,306,2021-08-19 15:10:50,2021-08-19 15:10:50
Discharge 2017: European Centre for Disease Prevention and Control (ECDC),A8-0134/2019,2,2019-03-26,307,2021-08-19 15:10:51,2021-08-19 15:10:51
Discharge 2017: European Chemical Agency (ECHA),A8-0125/2019,2,2019-03-26,308,2021-08-19 15:10:51,2021-08-19 15:10:51
Discharge 2017: European Environment Agency (EEA),A8-0127/2019,2,2019-03-26,309,2021-08-19 15:10:52,2021-08-19 15:10:52
Discharge 2017: European Fisheries Control Agency (EFCA),A8-0133/2019,2,2019-03-26,310,2021-08-19 15:10:53,2021-08-19 15:10:53
Discharge 2017: European Food Safety Authority (EFSA),A8-0128/2019,2,2019-03-26,311,2021-08-19 15:10:54,2021-08-19 15:10:54
Discharge 2017: European Institute for Gender Equality (EIGE),A8-0150/2019,2,2019-03-26,312,2021-08-19 15:10:54,2021-08-19 15:10:54
Discharge 2017: European Insurance and Occupational Pensions Authority (EIOPA),A8-0137/2019,2,2019-03-26,313,2021-08-19 15:10:55,2021-08-19 15:10:55
Discharge 2017: European Institute of Innovation and Technology (EIT),A8-0152/2019,2,2019-03-26,314,2021-08-19 15:10:56,2021-08-19 15:10:56
Discharge 2017: European Medicines Agency (EMA),A8-0135/2019,2,2019-03-26,315,2021-08-19 15:10:57,2021-08-19 15:10:57
Discharge 2017: European Monitoring Centre for Drugs and Drug Addiction (EMCDDA),A8-0139/2019,2,2019-03-26,316,2021-08-19 15:10:57,2021-08-19 15:10:57
Discharge 2017: European Maritime Safety Agency (EMSA),A8-0130/2019,2,2019-03-26,317,2021-08-19 15:10:58,2021-08-19 15:10:58
Discharge 2017: European Network and Information Security Agency (ENISA),A8-0129/2019,2,2019-03-26,318,2021-08-19 15:10:59,2021-08-19 15:10:59
Discharge 2017: European Union Agency for Railways (ERA),A8-0158/2019,2,2019-03-26,319,2021-08-19 15:11:00,2021-08-19 15:11:00
Discharge 2017: European Securities and Markets Authority (ESMA),A8-0141/2019,2,2019-03-26,320,2021-08-19 15:11:01,2021-08-19 15:11:01
Discharge 2017: European Training Foundation (ETF),A8-0131/2019,2,2019-03-26,321,2021-08-19 15:11:01,2021-08-19 15:11:01
"Discharge 2017: European Agency for the operational management of large-scale IT Systems in the area of freedom, security and justice (EU-LISA)",A8-0145/2019,2,2019-03-26,322,2021-08-19 15:11:02,2021-08-19 15:11:02
Discharge 2017: European Agency for Safety and Health at Work (EU-OSHA),A8-0138/2019,2,2019-03-26,323,2021-08-19 15:11:03,2021-08-19 15:11:03
Discharge 2017: Euratom Supply Agency (ESA),A8-0132/2019,2,2019-03-26,324,2021-08-19 15:11:04,2021-08-19 15:11:04
Discharge 2017: European Foundation for the Improvement of Living and Working Conditions (Eurofound),A8-0143/2019,2,2019-03-26,325,2021-08-19 15:11:04,2021-08-19 15:11:04
"Discharge 2017: European Union's Judicial Cooperation Unit (Eurojust)",A8-0155/2019,2,2019-03-26,326,2021-08-19 15:11:05,2021-08-19 15:11:05
Discharge 2017: European Police Office (Europol),A8-0154/2019,2,2019-03-26,327,2021-08-19 15:11:06,2021-08-19 15:11:06
Discharge 2017: European Union Agency for Fundamental Rights (FRA),A8-0136/2019,2,2019-03-26,328,2021-08-19 15:11:07,2021-08-19 15:11:07
Discharge 2017: European Border and Coast Guard Agency (Frontex),A8-0153/2019,2,2019-03-26,329,2021-08-19 15:11:08,2021-08-19 15:11:08
Discharge 2017: European GNSS Agency (GSA),A8-0142/2019,2,2019-03-26,330,2021-08-19 15:11:09,2021-08-19 15:11:09
Discharge 2017: Bio-based Industries Joint Undertaking (BBI),A8-0103/2019,2,2019-03-26,331,2021-08-19 15:11:10,2021-08-19 15:11:10
Discharge 2017: Clean Sky 2 Joint Undertaking,A8-0095/2019,2,2019-03-26,332,2021-08-19 15:11:11,2021-08-19 15:11:11
Discharge 2017: Electronic Components and Systems for European Leadership Joint undertaking (ECSEL),A8-0102/2019,2,2019-03-26,333,2021-08-19 15:11:11,2021-08-19 15:11:11
Discharge 2017: Fuel Cells and Hydrogen 2 Joint Undertaking (FCH2),A8-0105/2019,2,2019-03-26,334,2021-08-19 15:11:12,2021-08-19 15:11:12
Discharge 2017: Innovative Medicines Initiative 2 Joint Undertaking (IMI),A8-0104/2019,2,2019-03-26,335,2021-08-19 15:11:12,2021-08-19 15:11:12
Discharge 2017: ITER and the Development of Fusion Energy Joint Undertaking,A8-0126/2019,2,2019-03-26,336,2021-08-19 15:11:13,2021-08-19 15:11:13
Discharge 2017: SESAR Joint Undertaking,A8-0118/2019,2,2019-03-26,337,2021-08-19 15:11:14,2021-08-19 15:11:14
Discharge 2017: Shift2Rail Joint Undertaking,A8-0163/2019,2,2019-03-26,338,2021-08-19 15:11:15,2021-08-19 15:11:15
Agreement for co-operation in dealing with pollution of the North Sea by oil and other harmful substances (Bonn Agreement): extension of its material and geographical scope of application ***,A9-0268/2020,1,2021-01-19,339,2021-08-25 09:09:00,2021-08-25 09:09:00
Exemption of certain third country spot foreign exchange benchmarks and the designation of replacements for certain benchmarks in cessation ***I,A9-0227/2020,1,2021-01-19,340,2021-08-25 09:09:01,2021-08-25 09:09:01
Technical Support Instrument ***I,A9-0173/2020,1,2021-01-19,341,2021-08-25 09:09:02,2021-08-25 09:09:02
"Exercise of the Union's rights for the application and enforcement of international trade rules ***I",A9-0133/2020,1,2021-01-19,342,2021-08-25 09:09:03,2021-08-25 09:09:03
European Arrest Warrant and surrender procedures between Member States,A9-0248/2020,1,2021-01-19,343,2021-08-25 09:09:05,2021-08-25 09:09:05
Strengthening the single market: the future of free movement of services,A9-0250/2020,1,2021-01-19,344,2021-08-25 09:09:06,2021-08-25 09:09:06
Achieving an effective policy legacy for the European Year of Cultural Heritage,A9-0210/2020,1,2021-01-19,345,2021-08-25 09:09:07,2021-08-25 09:09:07
Artificial Intelligence: questions of interpretation and application of international law,A9-0001/2021,1,2021-01-19,346,2021-08-25 09:09:08,2021-08-25 09:09:08
Revision of the Trans-European Transport Network (TEN-T) guidelines,A9-0251/2020,1,2021-01-19,347,2021-08-25 09:09:09,2021-08-25 09:09:09
"Monitoring the application of EU law 2017, 2018 and 2019",A9-0270/2020,1,2021-01-19,348,2021-08-25 09:09:10,2021-08-25 09:09:10
Implementation of the Common Foreign and Security Policy - annual report 2020,A9-0266/2020,1,2021-01-19,349,2021-08-25 09:09:11,2021-08-25 09:09:11
Implementation of the Common Security and Defence Policy - annual report 2020,A9-0265/2020,1,2021-01-19,350,2021-08-25 09:09:12,2021-08-25 09:09:12
Human Rights and Democracy in the World and the EU policy on the matter - annual report 2019,A9-0259/2020,1,2021-01-19,351,2021-08-25 09:09:14,2021-08-25 09:09:14
FEAD: specific measures to address the COVID-19 crisis ***I,A9-0174/2020,1,2021-01-19,352,2021-08-25 09:09:15,2021-08-25 09:09:15
Connectivity and EU-Asia relations,A9-0269/2020,1,2021-01-19,353,2021-08-25 09:09:16,2021-08-25 09:09:16
Measures to promote recovery of fish stock above MSY,A9-0264/2020,1,2021-01-19,354,2021-08-25 09:09:17,2021-08-25 09:09:17
The arrest of Alexei Navalny,B9-0090/2021,1,2021-01-19,355,2021-08-25 09:09:18,2021-08-25 09:09:18
The latest developments in the National Assembly of Venezuela,B9-0056/2021,1,2021-01-19,356,2021-08-25 09:09:19,2021-08-25 09:09:19
Decent and affordable housing for all,A9-0247/2020,1,2021-01-19,357,2021-08-25 09:09:20,2021-08-25 09:09:20
The right to disconnect,A9-0246/2020,1,2021-01-19,358,2021-08-25 09:09:21,2021-08-25 09:09:21
Reforming the EU list of tax havens,B9-0052/2021,1,2021-01-19,359,2021-08-25 09:09:22,2021-08-25 09:09:22
Mitigating the consequences of earthquakes in Croatia,B9-0057/2021,1,2021-01-19,360,2021-08-25 09:09:23,2021-08-25 09:09:23
The gender perspective in the COVID-19 crisis and post-crisis period,A9-0229/2020,1,2021-01-19,361,2021-08-25 09:09:24,2021-08-25 09:09:24
The EU Strategy for Gender Equality,A9-0234/2020,1,2021-01-19,362,2021-08-25 09:09:25,2021-08-25 09:09:25
Closing the digital gender gap: women’s participation in the digital economy,A9-0232/2020,1,2021-01-19,363,2021-08-25 09:09:27,2021-08-25 09:09:27
The crackdown on the democratic opposition in Hong Kong,B9-0066/2021,1,2021-01-19,364,2021-08-25 09:09:28,2021-08-25 09:09:28
"Human rights situation in Turkey, notably the case of Selahattin Demirtaş and other prisoners of conscience",B9-0072/2021,1,2021-01-19,365,2021-08-25 09:09:29,2021-08-25 09:09:29
"Human rights situation in Vietnam, in particular the case of human rights journalists Pham Chi Dung, Nguyen Tuong Thuy and Le Huu Minh Tuan",B9-0075/2021,1,2021-01-19,366,2021-08-25 09:09:30,2021-08-25 09:09:30
InvestEU programme ***I,A9-0203/2020,1,2021-03-08,367,2021-08-25 10:45:56,2021-08-25 10:45:56
Programme for the Union’s action in the field of health for the period 2021-2027 (‘EU4Health programme’) ***I,A9-0196/2020,1,2021-03-08,368,2021-08-25 10:45:58,2021-08-25 10:45:58
A WTO-compatible EU carbon border adjustment mechanism,A9-0019/2021,1,2021-03-08,369,2021-08-25 10:45:59,2021-08-25 10:45:59
Administrative cooperation in the field of taxation *,A9-0015/2021,1,2021-03-08,370,2021-08-25 10:46:00,2021-08-25 10:46:00
Corporate due diligence and corporate accountability,A9-0018/2021,1,2021-03-08,371,2021-08-25 10:46:02,2021-08-25 10:46:02
Implementation of the Construction Products Regulation,A9-0012/2021,1,2021-03-08,372,2021-08-25 10:46:03,2021-08-25 10:46:03
Equal treatment in employment and occupation in light of the UNCRPD,A9-0014/2021,1,2021-03-08,373,2021-08-25 10:46:04,2021-08-25 10:46:04
Fisheries control ***I,A9-0016/2021,1,2021-03-08,374,2021-08-25 10:46:06,2021-08-25 10:46:06
Equivalence of forest reproductive material produced in the UK ***I,C9-0430/2020,1,2021-03-08,375,2021-08-25 10:46:08,2021-08-25 10:46:08
Equivalence of field inspections and equivalence of checks on practices for the maintenance of varieties of agricultural plant species carried out in the UK ***I,C9-0431/2020,1,2021-03-08,376,2021-08-25 10:46:09,2021-08-25 10:46:09
"Objection pursuant to Rule 112(2) and (3): Active substances, including dimoxystrobin",B9-0162/2021,1,2021-03-08,377,2021-08-25 10:46:10,2021-08-25 10:46:10
Objection pursuant to Rule 112(2) and (3): Genetically modified cotton GHB614 × T304-40 × GHB119,B9-0160/2021,1,2021-03-08,378,2021-08-25 10:46:11,2021-08-25 10:46:11
Objection pursuant to Rule 112(2) and (3): Genetically modified maize MZIR098 (SYN-ØØØ98-3),B9-0161/2021,1,2021-03-08,379,2021-08-25 10:46:12,2021-08-25 10:46:12
Activities of the European Ombudsman – annual report 2019,A9-0013/2021,1,2021-03-08,380,2021-08-25 10:46:13,2021-08-25 10:46:13
European Semester: annual sustainable growth strategy 2021,A9-0036/2021,1,2021-03-08,381,2021-08-25 10:46:14,2021-08-25 10:46:14
European Semester: employment and social aspects in the annual sustainable growth strategy 2021,A9-0026/2021,1,2021-03-08,382,2021-08-25 10:46:16,2021-08-25 10:46:16
Situation in eastern Democratic Republic of Congo and the assassination of the Italian Ambassador Luca Attanasio and his entourage,B9-0173/2021,1,2021-03-08,383,2021-08-25 10:46:17,2021-08-25 10:46:17
"The human rights situation in the Kingdom of Bahrain, in particular the cases of death row inmates and human rights defenders",B9-0190/2021,1,2021-03-08,384,2021-08-25 10:46:19,2021-08-25 10:46:19
The mass trials against the opposition and civil society in Cambodia,B9-0182/2021,1,2021-03-08,385,2021-08-25 10:46:20,2021-08-25 10:46:20
The Syrian conflict – 10 years after the uprising,B9-0175/2021,1,2021-03-08,386,2021-08-25 10:46:21,2021-08-25 10:46:21
Declaration of the EU as an LGBTIQ Freedom Zone,B9-0166/2021,1,2021-03-08,387,2021-08-25 10:46:23,2021-08-25 10:46:23
Children’s rights,B9-0164/2021,1,2021-03-08,388,2021-08-25 10:46:24,2021-08-25 10:46:24
Conservation and enforcement measures applicable in the Regulatory Area of the Northwest Atlantic Fisheries Organisation (NAFO) ***I,A9-0220/2020,1,2021-06-23,389,2021-08-25 11:42:01,2021-08-25 11:42:01
Cross-border payments in the Union (codification) ***I,A9-0202/2021,1,2021-06-23,390,2021-08-25 11:42:02,2021-08-25 11:42:02
Regulations and general conditions governing the performance of the Ombudsman’s duties ***,A9-0174/2021,1,2021-06-23,391,2021-08-25 11:42:03,2021-08-25 11:42:03
"EU/Thailand Agreement: modification of concessions on all the tariff-rate quotas included in the EU Schedule CLXXV as a consequence of the United Kingdom's withdrawal from the European Union ***",A9-0180/2021,1,2021-06-23,392,2021-08-25 11:42:04,2021-08-25 11:42:04
"EU/Indonesia Agreement: modification of concessions on all the tariff-rate quotas included in the EU Schedule CLXXV as a consequence of the United Kingdom's withdrawal from the European Union ***",A9-0182/2021,1,2021-06-23,393,2021-08-25 11:42:05,2021-08-25 11:42:05
"EU/Argentina Agreement: modification of concessions on all the tariff-rate quotas included in the EU Schedule CLXXV as a consequence of the United Kingdom's withdrawal from the European Union ***",A9-0175/2021,1,2021-06-23,394,2021-08-25 11:42:06,2021-08-25 11:42:06
Challenges and opportunities for the fishing sector in the Black Sea,A9-0170/2021,1,2021-06-23,395,2021-08-25 11:42:07,2021-08-25 11:42:07
"The role of the EU's development cooperation and humanitarian assistance in addressing the consequences of the COVID-19 pandemic",A9-0151/2021,1,2021-06-23,396,2021-08-25 11:42:07,2021-08-25 11:42:07
European Climate Law ***I,A9-0162/2020,1,2021-06-23,397,2021-08-25 11:42:08,2021-08-25 11:42:08
European High Performance Computing Joint Undertaking *,A9-0177/2021,1,2021-06-23,398,2021-08-25 11:42:10,2021-08-25 11:42:10
Public sector loan facility under the Just Transition Mechanism ***I,A9-0195/2020,1,2021-06-23,399,2021-08-25 11:42:11,2021-08-25 11:42:11
Official controls on animals and products of animal origin in order to ensure compliance with the prohibition of certain uses of antimicrobials ***I,A9-0195/2021,1,2021-06-23,400,2021-08-25 11:42:12,2021-08-25 11:42:12
Commission’s 2020 Rule of law report,A9-0199/2021,1,2021-06-23,401,2021-08-25 11:42:12,2021-08-25 11:42:12
"Sexual and reproductive health and rights in the EU, in the frame of women’s health",A9-0169/2021,1,2021-06-23,402,2021-08-25 11:42:13,2021-08-25 11:42:13
25th anniversary of the International Conference on Population and Development (ICPD25) (Nairobi Summit),B9-0365/2021,1,2021-06-23,403,2021-08-25 11:42:14,2021-08-25 11:42:14
"Regulatory fitness, subsidiarity and proportionality - report on Better Law Making 2017, 2018 and 2019",A9-0191/2021,1,2021-06-23,404,2021-08-25 11:42:16,2021-08-25 11:42:16
2019-2020 Reports on Bosnia and Herzegovina,A9-0185/2021,1,2021-06-23,405,2021-08-25 11:42:17,2021-08-25 11:42:17
Use of technologies for the processing of data for the purpose of combating online child sexual abuse (temporary derogation from Directive 2002/58/EC) ***I,A9-0258/2020,1,2021-07-06,406,2021-08-25 11:42:54,2021-08-25 11:42:54
Recognition of third countries’ certificates in inland navigation ***I,A9-0210/2021,1,2021-07-06,407,2021-08-25 11:42:55,2021-08-25 11:42:55
Draft amending budget No 3/2021: surplus of the financial year 2020,A9-0218/2021,1,2021-07-06,408,2021-08-25 11:42:56,2021-08-25 11:42:56
European Union Agency for Fundamental Rights ***,A9-0227/2021,1,2021-07-06,409,2021-08-25 11:42:57,2021-08-25 11:42:57
Interbus agreement: Protocol on international regular and special regular carriage of passengers by coach and bus ***,A9-0176/2021,1,2021-07-06,410,2021-08-25 11:42:58,2021-08-25 11:42:58
Internal Security Fund ***II,A9-0221/2021,1,2021-07-06,411,2021-08-25 11:42:59,2021-08-25 11:42:59
"European Maritime, Fisheries and Aquaculture Fund ***II",A9-0222/2021,1,2021-07-06,412,2021-08-25 11:43:00,2021-08-25 11:43:00
Railway safety and signalling: assessing the state of play of the ERTMS deployment,A9-0181/2021,1,2021-07-06,413,2021-08-25 11:43:02,2021-08-25 11:43:02
Trade-related aspects and implications of COVID-19,A9-0190/2021,1,2021-07-06,414,2021-08-25 11:43:03,2021-08-25 11:43:03
Common system of value added tax: conferral of implementing powers to the Commission to determine the meaning of the terms used in certain provisions *,A9-0201/2021,1,2021-07-06,415,2021-08-25 11:43:04,2021-08-25 11:43:04
Amendments to Parliament’s Rules of Procedure,A9-0214/2021,1,2021-07-06,416,2021-08-25 11:43:05,2021-08-25 11:43:05
Financial Activities of the European Investment Bank – annual report 2020,A9-0200/2021,1,2021-07-06,417,2021-08-25 11:43:06,2021-08-25 11:43:06
Control of the financial activities of the European Investment Bank – annual report 2019,A9-0215/2021,1,2021-07-06,418,2021-08-25 11:43:07,2021-08-25 11:43:07
Objection pursuant to Rule 112(2) and (3): genetically modified soybean DAS-81419-2,B9-0372/2021,1,2021-07-06,419,2021-08-25 11:43:08,2021-08-25 11:43:08
Objection pursuant to Rule 112(2) and (3): genetically modified soybean DAS-81419-2 × DAS–44406–6,B9-0373/2021,1,2021-07-06,420,2021-08-25 11:43:09,2021-08-25 11:43:09
"Objection pursuant to Rule 112(2) and (3): genetically modified maize 1507 × MIR162 × MON810 × NK603 and genetically modified maize combining two or three of the single events 1507, MIR162, MON810 and NK603",B9-0374/2021,1,2021-07-06,421,2021-08-25 11:43:10,2021-08-25 11:43:10
Objection pursuant to Rule 112(2) and (3): genetically modified maize Bt 11 (SYN-BTØ11-1),B9-0375/2021,1,2021-07-06,422,2021-08-25 11:43:11,2021-08-25 11:43:11
Protection of the European Union’s financial interests – combating fraud – annual report 2019,A9-0209/2021,1,2021-07-06,423,2021-08-25 11:43:12,2021-08-25 11:43:12
The impact on the fishing sector of offshore windfarms and other renewable energy systems,A9-0184/2021,1,2021-07-06,424,2021-08-25 11:43:13,2021-08-25 11:43:13
Connecting Europe Facility ***II,A9-0219/2021,1,2021-07-06,425,2021-08-25 11:43:14,2021-08-25 11:43:14
Measures necessary for the implementation of the Protocol on the financial consequences of the expiry of the ECSC Treaty and on the Research Fund for Coal and Steel ***,A9-0229/2021,1,2021-07-06,426,2021-08-25 11:43:15,2021-08-25 11:43:15
Managing the assets of the ECSC in liquidation and of the Research Fund for Coal and Steel *,A9-0228/2021,1,2021-07-06,427,2021-08-25 11:43:16,2021-08-25 11:43:16
Visa Information System (VIS): visa processing ***II,A9-0207/2021,1,2021-07-06,428,2021-08-25 11:43:17,2021-08-25 11:43:17
Visa Information System (VIS): conditions for accessing other EU information systems for VIS ***II,A9-0208/2021,1,2021-07-06,429,2021-08-25 11:43:18,2021-08-25 11:43:18
Integrated Border Management Fund: Instrument for Financial Support for Border Management and Visa Policy 2021-2027 ***II,A9-0220/2021,1,2021-07-06,430,2021-08-25 11:43:19,2021-08-25 11:43:19
Citizens’ dialogues and citizens’ participation in EU decision-making,A9-0213/2021,1,2021-07-06,431,2021-08-25 11:43:20,2021-08-25 11:43:20
EU-NATO cooperation in the context of transatlantic relations,A9-0192/2021,1,2021-07-06,432,2021-08-25 11:43:21,2021-08-25 11:43:21
Old continent growing older – possibilities and challenges related to ageing policy post-2020,A9-0194/2021,1,2021-07-06,433,2021-08-25 11:43:22,2021-08-25 11:43:22
The creation of guidelines for the application of the general regime of conditionality for the protection of the Union budget,A9-0226/2021,1,2021-07-06,434,2021-08-25 11:43:23,2021-08-25 11:43:23
EU global human rights sanctions regime (EU Magnitsky Act),B9-0371/2021,1,2021-07-06,435,2021-08-25 11:43:24,2021-08-25 11:43:24
Annual Report on the functioning of the Schengen Area,A9-0183/2021,1,2021-07-06,436,2021-08-25 11:43:25,2021-08-25 11:43:25
European Medicines Agency ***I,A9-0216/2021,1,2021-07-06,437,2021-08-25 11:43:26,2021-08-25 11:43:26
General Union Environment Action Programme to 2030 ***I,A9-0203/2021,1,2021-07-06,438,2021-08-25 11:43:27,2021-08-25 11:43:27
A new ERA for Research and Innovation,B9-0370/2021,1,2021-07-06,439,2021-08-25 11:43:28,2021-08-25 11:43:28
Numerical strength of the special committees and the committee of inquiry,B9-0414/2021,1,2021-07-06,440,2021-08-25 11:43:29,2021-08-25 11:43:29
The case of Ahmadreza Djalali in Iran,B9-0381/2021,1,2021-07-06,441,2021-08-25 11:43:30,2021-08-25 11:43:30
"Hong Kong, notably the case of Apple Daily",B9-0384/2021,1,2021-07-06,442,2021-08-25 11:43:30,2021-08-25 11:43:30
"The death penalty in Saudi Arabia, notably the cases of Mustafa Hashem al-Darwish and Abdullah al-Howaiti",B9-0392/2021,1,2021-07-06,443,2021-08-25 11:43:31,2021-08-25 11:43:31
Review of the macroeconomic legislative framework,A9-0212/2021,1,2021-07-06,444,2021-08-25 11:43:32,2021-08-25 11:43:32
Situation in Nicaragua,B9-0400/2021,1,2021-07-06,445,2021-08-25 11:43:33,2021-08-25 11:43:33
"The repression of the opposition in Turkey, specifically HDP",B9-0406/2021,1,2021-07-06,446,2021-08-25 11:43:34,2021-08-25 11:43:34
Establishment of Antarctic Marine Protected Areas (MPAs) and the conservation of Southern Ocean biodiversity,B9-0369/2021,1,2021-07-06,447,2021-08-25 11:43:35,2021-08-25 11:43:35
Breaches of EU law and of the rights of LGBTIQ citizens in Hungary as a result of the adopted legal changes in the Hungarian Parliament,B9-0412/2021,1,2021-07-06,448,2021-08-25 11:43:36,2021-08-25 11:43:36